i,op,rtt_us
0,read,1445.193
1,read,1653.767
2,read,1645.821
3,read,1636.444
4,read,1587.425
5,read,1652.747
6,read,1631.242
7,read,1626.125
8,read,1624.143
9,read,1603.774
10,read,1629.354
11,read,1656.358
12,read,1611.832
13,read,1608.68
14,read,1618.712
15,read,1677.887
16,read,1635.463
17,read,1601.687
18,read,1624.318
19,read,1628.376
20,read,1616.719
21,read,1622.604
22,read,1600.443
23,read,1608.931
24,read,1623.788
25,read,1650.172
26,read,1630.259
27,read,1615.187
28,read,1636.168
29,read,1612.453
30,read,1633.495
31,read,1626.125
32,read,1696.437
33,read,1627.352
34,read,1667.393
35,read,1581.549
36,read,1612.262
37,read,1622.128
38,read,1623.597
39,read,1678.181
40,read,1622.078
41,read,1623.445
42,read,1579.745
43,read,1614.689
44,read,1628.327
45,read,1624.436
46,read,1698.969
47,read,1668.458
48,read,1629.317
49,read,1631.974
50,read,1611.169
51,read,1622.929
52,read,1624.42
53,read,1672.04
54,read,1666.562
55,read,1628.493
56,read,1633.015
57,read,1615.705
58,read,1621.969
59,read,1623.133
60,read,1675.963
61,read,1622.92
62,read,1665.28
63,read,1569.102
64,read,1617.342
65,read,1621.584
66,read,1626.061
67,read,1696.314
68,read,1686.503
69,read,1669.948
70,read,1586.576
71,read,1652.863
72,read,1629.703
73,read,1629.297
74,read,1634.75
75,read,1615.231
76,read,1629.377
77,read,1625.748
78,read,1702.441
79,read,1622.808
80,read,1667.202
81,read,1594.438
82,read,1614.999
83,read,1622.555
84,read,1624.452
85,read,1673.113
86,read,1666.103
87,read,1634.674
88,read,1630.22
89,read,1616.876
90,read,1622.413
91,read,1627.437
92,read,1672.202
93,read,1669.626
94,read,1673.641
95,read,1557.694
96,read,1620.261
97,read,1568.918
98,read,1574.48
99,read,1642.169
100,read,1626.532
101,read,1630.993
102,read,1618.316
103,read,1673.768
104,read,1675.689
105,read,1584.222
106,read,1612.183
107,read,1598.273
108,read,1606.861
109,read,1550.947
110,read,1595.586
111,read,1603.073
112,read,1603.751
113,read,1567.944
114,read,1621.177
115,read,1625.815
116,read,1649.931
117,read,1669.753
118,read,1677.171
119,read,1579.198
120,read,1643.058
121,read,1622.762
122,read,1670.495
123,read,1577.437
124,read,1597.785
125,read,1611.37
126,read,1624.93
127,read,1635.796
128,read,1619.856
129,read,1672.235
130,read,1588.934
131,read,1647.671
132,read,1623.767
133,read,1616.583
134,read,1628.262
135,read,1609.815
136,read,1633.604
137,read,1623.35
138,read,1623.886
139,read,1623.384
140,read,1629.554
141,read,1624.028
142,read,1703.521
143,read,1623.076
144,read,1623.916
145,read,1629.036
146,read,1622.066
147,read,1629.553
148,read,1577.378
149,read,1698.955
150,read,1624.357
151,read,1625.75
152,read,1627.749
153,read,1620.633
154,read,1629.646
155,read,1621.109
156,read,1699.554
157,read,1622.343
158,read,1623.785
159,read,1628.046
160,read,1617.207
161,read,1628.543
162,read,1624.386
163,read,1694.552
164,read,1626.095
165,read,1623.969
166,read,1575.874
167,read,1619.293
168,read,1628.118
169,read,1624.086
170,read,1703.155
171,read,1624.278
172,read,1620.922
173,read,1631.794
174,read,1618.754
175,read,1629.325
176,read,1625.283
177,read,1699.651
178,read,1625.382
179,read,1615.694
180,read,1622.718
181,read,1620.52
182,read,1622.031
183,read,1626.589
184,read,1674.208
185,read,1627.459
186,read,1625.309
187,read,1625.476
188,read,1621.406
189,read,1629.055
190,read,1624.118
191,read,1699.378
192,read,1623.491
193,read,1667.665
194,read,1649.406
195,read,1650.336
196,read,1628.19
197,read,1622.426
198,read,1629.864
199,read,1621.984
200,read,1629.489
201,read,1624.337
202,read,1699.517
203,read,1623.553
204,read,1622.762
205,read,1626.914
206,read,1620.685
207,read,1631.014
208,read,1623.404
209,read,1700.855
210,read,1624.759
211,read,1669.346
212,read,1587.673
213,read,1574.076
214,read,1622.418
215,read,1625.373
216,read,1674.79
217,read,1627.8
218,read,1621.397
219,read,1628.107
220,read,1622.524
221,read,1628.894
222,read,1624.246
223,read,1699.63
224,read,1623.927
225,read,1667.502
226,read,1581.404
227,read,1575.218
228,read,1624.402
229,read,1628.832
230,read,1666.948
231,read,1619.454
232,read,1623.208
233,read,1629.498
234,read,1621.979
235,read,1629.108
236,read,1623.99
237,read,1699.293
238,read,1626.245
239,read,1625.211
240,read,1627.342
241,read,1625.446
242,read,1632.442
243,read,1581.902
244,read,1697.439
245,read,1631.291
246,read,1617.366
247,read,1581.052
248,read,1619.35
249,read,1629.732
250,read,1624.334
251,read,1698.523
252,read,1625.528
253,read,1625.343
254,read,1628.988
255,read,1620.854
256,read,1628.596
257,read,1627.04
258,read,1701.074
259,read,1626.486
260,read,1631.013
261,read,1628.137
262,read,1617.303
263,read,1632.028
264,read,1622.24
265,read,1702.42
266,read,1626.546
267,read,1630.277
268,read,1623.967
269,read,1613.774
270,read,1630.936
271,read,1621.756
272,read,1699.03
273,read,1625.051
274,read,1624.676
275,read,1629.041
276,read,1578.327
277,read,1629.414
278,read,1629.288
279,read,1704.22
280,read,1614.957
281,read,1624.947
282,read,1630.56
283,read,1620.747
284,read,1635.686
285,read,1620.971
286,read,1702.361
287,read,1626.751
288,read,1617.626
289,read,1631.442
290,read,1621.167
291,read,1633.597
292,read,1622.485
293,read,1701.501
294,read,1626.101
295,read,1625.935
296,read,1629.297
297,read,1613.042
298,read,1626.246
299,read,1624.888
300,read,1700.133
301,read,1626.449
302,read,1623.407
303,read,1635.304
304,read,1615.596
305,read,1629.94
306,read,1658.151
307,read,1663.407
308,read,1626.709
309,read,1628.582
310,read,1629.015
311,read,1622.956
312,read,1630.408
313,read,1631.112
314,read,1695.433
315,read,1626.089
316,read,1623.981
317,read,1628.762
318,read,1622.527
319,read,1631.979
320,read,1623.107
321,read,1701.545
322,read,1623.792
323,read,1628.461
324,read,1627.122
325,read,1622.599
326,read,1630.044
327,read,1625.338
328,read,1701.145
329,read,1623.504
330,read,1626.333
331,read,1628.602
332,read,1623.963
333,read,1631.599
334,read,1624.671
335,read,1700.252
336,read,1629.042
337,read,1623.478
338,read,1635.643
339,read,1616.78
340,read,1632.042
341,read,1623.406
342,read,1703.312
343,read,1618.125
344,read,1625.543
345,read,1624.747
346,read,1623.116
347,read,1630.227
348,read,1623.906
349,read,1701.198
350,read,1629.642
351,read,1626.131
352,read,1626.917
353,read,1622.463
354,read,1632.743
355,read,1624.098
356,read,1697.915
357,read,1624.39
358,read,1623.758
359,read,1633.552
360,read,1619.392
361,read,1628.551
362,read,1624.093
363,read,1698.443
364,read,1623.273
365,read,1623.883
366,read,1627.589
367,read,1621.601
368,read,1627.85
369,read,1624.864
370,read,1700.715
371,read,1626.512
372,read,1622.899
373,read,1631.487
374,read,1620.754
375,read,1630.911
376,read,1623.425
377,read,1699.479
378,read,1627.363
379,read,1624.909
380,read,1627.133
381,read,1615.122
382,read,1629.739
383,read,1620.85
384,read,1699.442
385,read,1619.229
386,read,1624.673
387,read,1629.122
388,read,1618.429
389,read,1628.026
390,read,1621.183
391,read,1698.303
392,read,1615.565
393,read,1669.2
394,read,1583.928
395,read,1617.663
396,read,1624.664
397,read,1628.066
398,read,1673.5
399,read,1626.357
400,read,1614.723
401,read,1633.63
402,read,1616.891
403,read,1633.254
404,read,1621.168
405,read,1698.433
406,read,1659.567
407,read,1585.934
408,read,1624.514
409,read,1620.655
410,read,1622.647
411,read,1616.943
412,read,1683.26
413,read,1621.617
414,read,1622.334
415,read,1628.564
416,read,1620.426
417,read,1633.565
418,read,1621.345
419,read,1699.903
420,read,1619.415
421,read,1623.034
422,read,1627.608
423,read,1622.613
424,read,1629.468
425,read,1627.522
426,read,1699.071
427,read,1622.195
428,read,1623.592
429,read,1628.756
430,read,1620.895
431,read,1630.661
432,read,1623.612
433,read,1699.35
434,read,1660.562
435,read,1589.741
436,read,1624.464
437,read,1625.139
438,read,1624.588
439,read,1623.281
440,read,1676.076
441,read,1618.799
442,read,1622.56
443,read,1628.331
444,read,1624.393
445,read,1628.924
446,read,1624.321
447,read,1699.422
448,read,1621.263
449,read,1626.059
450,read,1633.988
451,read,1616.274
452,read,1629.581
453,read,1622.651
454,read,1703.795
455,read,1617.897
456,read,1666.998
457,read,1593.8
458,read,1627.992
459,read,1619.486
460,read,1625.725
461,read,1672.481
462,read,1624.771
463,read,1624.169
464,read,1632.085
465,read,1616.756
466,read,1632.554
467,read,1627.626
468,read,1695.491
469,read,1607.342
470,read,1634.074
471,read,1586.642
472,read,1623.804
473,read,1619.709
474,read,1624.448
475,read,1649.456
476,read,1619.332
477,read,1623.629
478,read,1574.739
479,read,1615.707
480,read,1629.091
481,read,1628.452
482,read,1651.579
483,read,1659.657
484,read,1672.753
485,read,1579.451
486,read,1652.371
487,read,1617.522
488,read,1620.657
489,read,1584.494
490,read,1624.171
491,read,1624.73
492,read,1625.931
493,read,1648.13
494,read,1632.121
495,read,1642.192
496,read,1595.3
497,read,1621.486
498,read,1621.589
499,read,1625.588
500,read,1624.606
501,read,1662.105
502,read,1629.19
503,read,1583.846
504,read,1623.741
505,read,1626.7
506,read,1626.574
507,read,1625.52
508,read,1619.161
509,read,1662.892
510,read,1631.541
511,read,1626.649
512,read,1624.425
513,read,1588.397
514,read,1644.904
515,read,1559.023
516,read,1571.147
517,read,1551.382
518,read,1549.146
519,read,1550.377
520,read,1597.34
521,read,1604.281
522,read,1548.552
523,read,1617.897
524,read,1639.455
525,read,1585.6
526,read,1622.591
527,read,1699.581
528,read,1621.066
529,read,1669.163
530,read,1630.521
531,read,1571.24
532,read,1624.642
533,read,1635.557
534,read,1662.562
535,read,1621.184
536,read,1668.956
537,read,1629.878
538,read,1621.66
539,read,1625.4
540,read,1639.085
541,read,1660.468
542,read,1626.022
543,read,1669.638
544,read,1629.455
545,read,1570.985
546,read,1625.595
547,read,1636.739
548,read,1662.64
549,read,1623.485
550,read,1624.696
551,read,1585.797
552,read,1617.563
553,read,1628.406
554,read,1630.51
555,read,1693.687
556,read,1621.325
557,read,1680.373
558,read,1625.107
559,read,1619.755
560,read,1623.294
561,read,1631.223
562,read,1663.362
563,read,1625.489
564,read,1667.171
565,read,1575.642
566,read,1624.09
567,read,1622.423
568,read,1636.405
569,read,1663.858
570,read,1625.765
571,read,1670.277
572,read,1627.816
573,read,1624.399
574,read,1617.91
575,read,1637.615
576,read,1662.586
577,read,1669.205
578,read,1584.719
579,read,1620.652
580,read,1623.007
581,read,1628.091
582,read,1621.035
583,read,1664.428
584,read,1622.098
585,read,1670.159
586,read,1628.909
587,read,1621.606
588,read,1623.416
589,read,1641.32
590,read,1653.363
591,read,1623.453
592,read,1622.879
593,read,1635.558
594,read,1612.559
595,read,1629.437
596,read,1625.055
597,read,1653.379
598,read,1619.121
599,read,1666.521
600,read,1576.736
601,read,1619.613
602,read,1622.898
603,read,1629.206
604,read,1658.34
605,read,1609.333
606,read,1625.282
607,read,1612.024
608,read,1599.575
609,read,1629.018
610,read,1624.642
611,read,1696.004
612,read,1621.577
613,read,1672.225
614,read,1625.528
615,read,1568.881
616,read,1670.607
617,read,1626.589
618,read,1624.616
619,read,1619.805
620,read,1671.219
621,read,1579.623
622,read,1621.891
623,read,1624.925
624,read,1634.015
625,read,1663.903
626,read,1624.434
627,read,1668.884
628,read,1629.689
629,read,1575.687
630,read,1623.924
631,read,1633.41
632,read,1668.071
633,read,1621.278
634,read,1671.038
635,read,1575.544
636,read,1628.155
637,read,1622.697
638,read,1632.25
639,read,1666.322
640,read,1621.235
641,read,1672.34
642,read,1625.102
643,read,1622.247
644,read,1627.104
645,read,1589.453
646,read,1674.49
647,read,1628.788
648,read,1566.65
649,read,1589.626
650,read,1647.265
651,read,1619.193
652,read,1624.093
653,read,1633.71
654,read,1619.303
655,read,1631.719
656,read,1622.785
657,read,1699.845
658,read,1616.934
659,read,1627.368
660,read,1581.769
661,read,1615.936
662,read,1628.244
663,read,1624.506
664,read,1701.864
665,read,1619.386
666,read,1664.448
667,read,1608.653
668,read,1593.487
669,read,1612.255
670,read,1632.285
671,read,1631.458
672,read,1626.011
673,read,1666.061
674,read,1585.603
675,read,1625.493
676,read,1621.326
677,read,1622.034
678,read,1636.684
679,read,1610.453
680,read,1569.614
681,read,1549.223
682,read,1555.296
683,read,1596.907
684,read,1569.645
685,read,1619.159
686,read,1540.244
687,read,1570.232
688,read,1650.729
689,read,1625.522
690,read,1678.707
691,read,1612.502
692,read,1551.568
693,read,1631.132
694,read,1625.675
695,read,1655.593
696,read,1631.931
697,read,1631.27
698,read,1632.839
699,read,1628.099
700,read,1628.988
701,read,1631.241
702,read,1611.835
703,read,1631.55
704,read,1629.13
705,read,1622.009
706,read,1641.851
707,read,1636.909
708,read,1636.423
709,read,1624.948
710,read,1632.592
711,read,1613.108
712,read,1626.586
713,read,1630.55
714,read,1607.946
715,read,1656.357
716,read,1631.994
717,read,1613.032
718,read,1627.869
719,read,1629.162
720,read,1629.045
721,read,1634.628
722,read,1705.872
723,read,1631.768
724,read,1636.943
725,read,1634.072
726,read,1627.189
727,read,1634.031
728,read,1627.612
729,read,1708.692
730,read,1629.305
731,read,1633.23
732,read,1633.416
733,read,1630.044
734,read,1632.525
735,read,1627.994
736,read,1707.717
737,read,1632.63
738,read,1612.316
739,read,1629.559
740,read,1623.734
741,read,1628.904
742,read,1633.003
743,read,1704.812
744,read,1627.298
745,read,1635.15
746,read,1638.111
747,read,1630.787
748,read,1632.729
749,read,1633.055
750,read,1703.991
751,read,1627.748
752,read,1630.553
753,read,1634.628
754,read,1628.729
755,read,1627.956
756,read,1629.221
757,read,1703.726
758,read,1630.294
759,read,1628.832
760,read,1636.644
761,read,1628.489
762,read,1628.732
763,read,1632.34
764,read,1608.157
765,read,1633.381
766,read,1631.433
767,read,1624.856
768,read,1629.505
769,read,1630.959
770,read,1639.381
771,read,1624.688
772,read,1628.53
773,read,1608.103
774,read,1630.864
775,read,1631.896
776,read,1634.115
777,read,1631.24
778,read,1575.795
779,read,1606.231
780,read,1629.216
781,read,1625.748
782,read,1633.18
783,read,1627.277
784,read,1659.591
785,read,1625.982
786,read,1609.752
787,read,1558.657
788,read,1625.429
789,read,1631.704
790,read,1630.136
791,read,1705.491
792,read,1628.329
793,read,1632.076
794,read,1637.194
795,read,1629.065
796,read,1629.181
797,read,1631.269
798,read,1607.682
799,read,1631.8
800,read,1634.528
801,read,1628.822
802,read,1673.124
803,read,1550.604
804,read,1636.302
805,read,1599.225
806,read,1623.061
807,read,1627.744
808,read,1630.19
809,read,1607.486
810,read,1680.257
811,read,1629.233
812,read,1561.842
813,read,1630.687
814,read,1604.491
815,read,1593.111
816,read,1572.367
817,read,1541.452
818,read,1541.096
819,read,1540.98
820,read,1543.906
821,read,1542.41
822,read,1543.862
823,read,1543.922
824,read,1603.613
825,read,1531.49
826,read,1605.683
827,read,1577.699
828,read,1600.412
829,read,1604.835
830,read,1609.128
831,read,1682.434
832,read,1625.981
833,read,1607.685
834,read,1620.854
835,read,1629.876
836,read,1627.239
837,read,1629.266
838,read,1706.969
839,read,1667.629
840,read,1612.764
841,read,1635.319
842,read,1624.119
843,read,1630.872
844,read,1628.514
845,read,1704.421
846,read,1569.493
847,read,1565.332
848,read,1562.887
849,read,1628.815
850,read,1587.583
851,read,1630.692
852,read,1656.952
853,read,1625.729
854,read,1613.684
855,read,1567.183
856,read,1623.709
857,read,1631.704
858,read,1613.077
859,read,1706.1
860,read,1630.579
861,read,1632.644
862,read,1627.331
863,read,1623.2
864,read,1633.415
865,read,1624.149
866,read,1643.915
867,read,1627.289
868,read,1669.41
869,read,1617.073
870,read,1545.782
871,read,1633.042
872,read,1630.281
873,read,1653.157
874,read,1567.848
875,read,1603.842
876,read,1623.84
877,read,1606.84
878,read,1634.304
879,read,1630.055
880,read,1656.534
881,read,1627.857
882,read,1669.753
883,read,1553.327
884,read,1607.618
885,read,1632.759
886,read,1624.655
887,read,1651.428
888,read,1671.519
889,read,1614.487
890,read,1631.559
891,read,1623.386
892,read,1628.196
893,read,1642.566
894,read,1684.446
895,read,1607.111
896,read,1631.924
897,read,1637.295
898,read,1628.627
899,read,1630.063
900,read,1631.987
901,read,1707.567
902,read,1626.629
903,read,1628.79
904,read,1643.414
905,read,1621.994
906,read,1630.008
907,read,1632.006
908,read,1707.284
909,read,1674.57
910,read,1605.719
911,read,1637.495
912,read,1626.267
913,read,1613.221
914,read,1633.499
915,read,1658.382
916,read,1625.465
917,read,1609.463
918,read,1574.522
919,read,1628.392
920,read,1628.846
921,read,1632.929
922,read,1680.885
923,read,1635.08
924,read,1670.202
925,read,1572.646
926,read,1630.464
927,read,1628.899
928,read,1631.005
929,read,1680.541
930,read,1648.165
931,read,1653.915
932,read,1554.557
933,read,1623.716
934,read,1563.595
935,read,1630.807
936,read,1704.993
937,read,1629.401
938,read,1679.32
939,read,1636.166
940,read,1627.388
941,read,1628.238
942,read,1633.223
943,read,1676.796
944,read,1631.159
945,read,1678.155
946,read,1572.599
947,read,1628.345
948,read,1630.839
949,read,1631.77
950,read,1679.701
951,read,1676.695
952,read,1629.045
953,read,1632.114
954,read,1629.038
955,read,1633.066
956,read,1630.795
957,read,1679.681
958,read,1627.194
959,read,1633.016
960,read,1574.656
961,read,1622.491
962,read,1629.583
963,read,1612.414
964,read,1601.975
965,read,1622.301
966,read,1679.706
967,read,1565.348
968,read,1631.094
969,read,1631.716
970,read,1632.387
971,read,1670.21
972,read,1601.6
973,read,1632.448
974,read,1636.667
975,read,1626.102
976,read,1630.277
977,read,1630.574
978,read,1707.065
979,read,1629.052
980,read,1673.183
981,read,1641.346
982,read,1622.359
983,read,1631.909
984,read,1631.996
985,read,1682.34
986,read,1629.048
987,read,1674.768
988,read,1635.667
989,read,1632.436
990,read,1631.524
991,read,1628.818
992,read,1684.897
993,read,1618.626
994,read,1612.782
995,read,1626.516
996,read,1609.986
997,read,1610.659
998,read,1629.949
999,read,1681.004
1000,read,1677.501
1001,read,1632.834
1002,read,1631.308
1003,read,1634.639
1004,read,1632.305
1005,read,1623.759
1006,read,1682.585
1007,read,1629.819
1008,read,1630.774
1009,read,1579.871
1010,read,1618.072
1011,read,1628.956
1012,read,1611.672
1013,read,1659.997
1014,read,1628.609
1015,read,1680.379
1016,read,1632.864
1017,read,1632.04
1018,read,1631.829
1019,read,1632.98
1020,read,1666.835
1021,read,1642.854
1022,read,1635.045
1023,read,1634.951
1024,read,1628.231
1025,read,1628.562
1026,read,1623.965
1027,read,1708.363
1028,read,1603.079
1029,read,1632.046
1030,read,1637.559
1031,read,1627.59
1032,read,1629.513
1033,read,1632.787
1034,read,1704.311
1035,read,1631.324
1036,read,1632.969
1037,read,1637.481
1038,read,1624.377
1039,read,1631.711
1040,read,1632.329
1041,read,1705.952
1042,read,1629.459
1043,read,1649.182
1044,read,1617.331
1045,read,1623.055
1046,read,1628.803
1047,read,1632.588
1048,read,1707.251
1049,read,1629.135
1050,read,1647.76
1051,read,1641.471
1052,read,1624.416
1053,read,1628.708
1054,read,1632.328
1055,read,1702.137
1056,read,1633.652
1057,read,1684.897
1058,read,1567.91
1059,read,1624.077
1060,read,1631.323
1061,read,1632.504
1062,read,1682.667
1063,read,1639.331
1064,read,1615.636
1065,read,1622.969
1066,read,1629.45
1067,read,1631.784
1068,read,1633.432
1069,read,1707.004
1070,read,1626.417
1071,read,1674.246
1072,read,1551.832
1073,read,1602.996
1074,read,1574.098
1075,read,1624.416
1076,read,1658.751
1077,read,1637.177
1078,read,1633.345
1079,read,1638.85
1080,read,1628.431
1081,read,1627.886
1082,read,1606.89
1083,read,1701.568
1084,read,1648.949
1085,read,1674.588
1086,read,1525.157
1087,read,1631.485
1088,read,1536.575
1089,read,1544.237
1090,read,1542.17
1091,read,1542.44
1092,read,1534.745
1093,read,1603.55
1094,read,1607.672
1095,read,1537.095
1096,read,1554.737
1097,read,1630.221
1098,read,1579.014
1099,read,1554.199
1100,read,1668.299
1101,read,1629.594
1102,read,1677.413
1103,read,1613.064
1104,read,1628.624
1105,read,1606.999
1106,read,1674.566
1107,read,1634.389
1108,read,1575.225
1109,read,1629.498
1110,read,1610.014
1111,read,1629.201
1112,read,1631.191
1113,read,1631.322
1114,read,1631.323
1115,read,1631.437
1116,read,1631.607
1117,read,1633.951
1118,read,1624.217
1119,read,1627.665
1120,read,1613.437
1121,read,1626.521
1122,read,1631.666
1123,read,1635.34
1124,read,1623.17
1125,read,1632.882
1126,read,1684.364
1127,read,1572.497
1128,read,1623.288
1129,read,1630.492
1130,read,1628.68
1131,read,1682.399
1132,read,1631.244
1133,read,1633.081
1134,read,1642.193
1135,read,1618.352
1136,read,1628.464
1137,read,1632.359
1138,read,1706.102
1139,read,1632.955
1140,read,1638.73
1141,read,1627.123
1142,read,1629.708
1143,read,1627.312
1144,read,1611.901
1145,read,1624.008
1146,read,1631.346
1147,read,1612.508
1148,read,1651.686
1149,read,1632.783
1150,read,1656.834
1151,read,1635.968
1152,read,1625.493
1153,read,1631.462
1154,read,1581.145
1155,read,1633.63
1156,read,1637.049
1157,read,1631.161
1158,read,1652.505
1159,read,1631.315
1160,read,1610.632
1161,read,1628.915
1162,read,1630.97
1163,read,1631.26
1164,read,1629.588
1165,read,1708.489
1166,read,1631.224
1167,read,1632.987
1168,read,1637.434
1169,read,1631.093
1170,read,1629.487
1171,read,1631.11
1172,read,1704.845
1173,read,1631.656
1174,read,1633.342
1175,read,1633.202
1176,read,1628.251
1177,read,1630.123
1178,read,1628.922
1179,read,1711.951
1180,read,1626.655
1181,read,1633.056
1182,read,1637.092
1183,read,1627.745
1184,read,1631.233
1185,read,1628.57
1186,read,1702.327
1187,read,1632.509
1188,read,1635.25
1189,read,1633.835
1190,read,1628.478
1191,read,1628.769
1192,read,1644.87
1193,read,1695.538
1194,read,1631.532
1195,read,1632.629
1196,read,1638.473
1197,read,1625.015
1198,read,1629.568
1199,read,1633.197
1200,read,1706.202
1201,read,1632.21
1202,read,1672.678
1203,read,1612.223
1204,read,1566.326
1205,read,1604.579
1206,read,1634.645
1207,read,1657.958
1208,read,1628.808
1209,read,1630.937
1210,read,1639.704
1211,read,1624.753
1212,read,1628.787
1213,read,1631.593
1214,read,1708.908
1215,read,1630.738
1216,read,1632.737
1217,read,1636.37
1218,read,1632.137
1219,read,1628.163
1220,read,1632.6
1221,read,1706.443
1222,read,1634.635
1223,read,1630.707
1224,read,1639.144
1225,read,1623.214
1226,read,1631.063
1227,read,1632.593
1228,read,1708.102
1229,read,1629.337
1230,read,1632.403
1231,read,1641.312
1232,read,1622.217
1233,read,1633.342
1234,read,1629.181
1235,read,1707.098
1236,read,1634.041
1237,read,1627.703
1238,read,1634.57
1239,read,1628.652
1240,read,1628.967
1241,read,1631.581
1242,read,1708.606
1243,read,1630.304
1244,read,1629.32
1245,read,1611.846
1246,read,1627.153
1247,read,1632.008
1248,read,1627.244
1249,read,1606.538
1250,read,1632.853
1251,read,1631.98
1252,read,1633.211
1253,read,1631.913
1254,read,1665.287
1255,read,1563.249
1256,read,1632.418
1257,read,1633.151
1258,read,1640.351
1259,read,1691.795
1260,read,1631.518
1261,read,1631.483
1262,read,1637.473
1263,read,1625.511
1264,read,1633.95
1265,read,1630.611
1266,read,1702.143
1267,read,1635.834
1268,read,1664.673
1269,read,1549.461
1270,read,1632.664
1271,read,1633.035
1272,read,1643.824
1273,read,1687.257
1274,read,1628.73
1275,read,1630.013
1276,read,1636.113
1277,read,1627.073
1278,read,1629.406
1279,read,1629.807
1280,read,1706.852
1281,read,1630.924
1282,read,1579
1283,read,1577.123
1284,read,1542.475
1285,read,1554.647
1286,read,1645.757
1287,read,1621.663
1288,read,1632.721
1289,read,1628.2
1290,read,1633.107
1291,read,1631.009
1292,read,1673.407
1293,read,1610.727
1294,read,1630.101
1295,read,1631.316
1296,read,1629.415
1297,read,1707.633
1298,read,1629.396
1299,read,1675.108
1300,read,1576.792
1301,read,1623.563
1302,read,1628.682
1303,read,1629.028
1304,read,1683.708
1305,read,1631.082
1306,read,1634.507
1307,read,1635.632
1308,read,1623.667
1309,read,1675.47
1310,read,1614.885
1311,read,1672.515
1312,read,1628.62
1313,read,1673.909
1314,read,1596.318
1315,read,1573.304
1316,read,1628.987
1317,read,1632.682
1318,read,1653.099
1319,read,1636.699
1320,read,1673.784
1321,read,1549.686
1322,read,1679.095
1323,read,1629.061
1324,read,1682.734
1325,read,1560.455
1326,read,1537.891
1327,read,1563.819
1328,read,1569.911
1329,read,1633.061
1330,read,1603.32
1331,read,1660.987
1332,read,1594.959
1333,read,1613.089
1334,read,1624.595
1335,read,1630.446
1336,read,1658.284
1337,read,1631.139
1338,read,1652.752
1339,read,1616.434
1340,read,1625.366
1341,read,1628.571
1342,read,1633.834
1343,read,1695.845
1344,read,1642.636
1345,read,1631.821
1346,read,1599.119
1347,read,1612.305
1348,read,1632.953
1349,read,1619.213
1350,read,1617.733
1351,read,1628.636
1352,read,1649.425
1353,read,1691.596
1354,read,1632.856
1355,read,1633.69
1356,read,1634.286
1357,read,1628.324
1358,read,1630.809
1359,read,1632.729
1360,read,1705.557
1361,read,1632.757
1362,read,1635.322
1363,read,1626.719
1364,read,1615.385
1365,read,1628.983
1366,read,1639.221
1367,read,1698.655
1368,read,1628.353
1369,read,1632.436
1370,read,1637.671
1371,read,1624.673
1372,read,1628.232
1373,read,1633.061
1374,read,1709.65
1375,read,1636.862
1376,read,1624.265
1377,read,1590.121
1378,read,1626.823
1379,read,1627.191
1380,read,1631.958
1381,read,1707.198
1382,read,1628.537
1383,read,1604.038
1384,read,1551.085
1385,read,1629.543
1386,read,1634.405
1387,read,1636.034
1388,read,1696.81
1389,read,1631.047
1390,read,1631.456
1391,read,1623.778
1392,read,1616.298
1393,read,1628.855
1394,read,1632.814
1395,read,1711.687
1396,read,1624.139
1397,read,1631.772
1398,read,1622.659
1399,read,1611.87
1400,read,1630.401
1401,read,1629.554
1402,read,1707.354
1403,read,1631.688
1404,read,1632.857
1405,read,1619.707
1406,read,1618.048
1407,read,1632.493
1408,read,1628.441
1409,read,1704.825
1410,read,1628.849
1411,read,1632.102
1412,read,1623.024
1413,read,1617.825
1414,read,1628.352
1415,read,1633.22
1416,read,1707.944
1417,read,1632.205
1418,read,1636.685
1419,read,1630.973
1420,read,1673.728
1421,read,1631.18
1422,read,1630.741
1423,read,1681.151
1424,read,1630.35
1425,read,1653.116
1426,read,1602.523
1427,read,1612.533
1428,read,1673.868
1429,read,1610.374
1430,read,1681.442
1431,read,1632.019
1432,read,1685.67
1433,read,1628.303
1434,read,1629.222
1435,read,1628.997
1436,read,1628.092
1437,read,1681.65
1438,read,1633.69
1439,read,1632.87
1440,read,1621.632
1441,read,1617.65
1442,read,1630.899
1443,read,1634.992
1444,read,1699.147
1445,read,1628.401
1446,read,1633.715
1447,read,1617.633
1448,read,1618.445
1449,read,1629.047
1450,read,1635.731
1451,read,1704.553
1452,read,1632.363
1453,read,1630.984
1454,read,1621.618
1455,read,1613.173
1456,read,1632.677
1457,read,1635.977
1458,read,1695.528
1459,read,1609.847
1460,read,1627.337
1461,read,1574.467
1462,read,1622.159
1463,read,1628.726
1464,read,1632.665
1465,read,1707.62
1466,read,1632.762
1467,read,1673.667
1468,read,1638.067
1469,read,1623.711
1470,read,1631.589
1471,read,1632.688
1472,read,1681.595
1473,read,1631.527
1474,read,1676.322
1475,read,1611.555
1476,read,1630.954
1477,read,1630.392
1478,read,1633.444
1479,read,1704.727
1480,read,1636.93
1481,read,1669.113
1482,read,1613.686
1483,read,1628.772
1484,read,1628.462
1485,read,1631.137
1486,read,1707.978
1487,read,1630.076
1488,read,1630.78
1489,read,1620.455
1490,read,1609.785
1491,read,1619.063
1492,read,1627.461
1493,read,1703.823
1494,read,1632.345
1495,read,1674.194
1496,read,1550.085
1497,read,1631.182
1498,read,1630.796
1499,read,1641.799
1500,read,1696.594
1501,read,1630.696
1502,read,1624.34
1503,read,1635.738
1504,read,1604.678
1505,read,1630.705
1506,read,1601.592
1507,read,1636.142
1508,read,1542.067
1509,read,1617.951
1510,read,1562.752
1511,read,1604.052
1512,read,1566.757
1513,read,1628.624
1514,read,1622.916
1515,read,1623.11
1516,read,1618.638
1517,read,1599.146
1518,read,1651.9
1519,read,1613.979
1520,read,1597.044
1521,read,1630.633
1522,read,1628.522
1523,read,1624.063
1524,read,1648.903
1525,read,1630.913
1526,read,1610.089
1527,read,1634.833
1528,read,1625.755
1529,read,1629.313
1530,read,1632.725
1531,read,1682.931
1532,read,1629.257
1533,read,1676.357
1534,read,1557.472
1535,read,1617.457
1536,read,1628.973
1537,read,1628.259
1538,read,1706.91
1539,read,1627.693
1540,read,1609.456
1541,read,1631.348
1542,read,1631.287
1543,read,1629.507
1544,read,1628.551
1545,read,1607.535
1546,read,1631.545
1547,read,1628.542
1548,read,1570.802
1549,read,1631.587
1550,read,1621.071
1551,read,1614.992
1552,read,1626.567
1553,read,1630.8
1554,read,1609.572
1555,read,1592.185
1556,read,1630.643
1557,read,1612.672
1558,read,1637.649
1559,read,1625.157
1560,read,1630.469
1561,read,1629.355
1562,read,1684.113
1563,read,1629.226
1564,read,1670.911
1565,read,1559.509
1566,read,1624.897
1567,read,1591.097
1568,read,1641.668
1569,read,1625.48
1570,read,1633.445
1571,read,1611.705
1572,read,1649.517
1573,read,1588.773
1574,read,1607.058
1575,read,1596.22
1576,read,1638.255
1577,read,1623.369
1578,read,1636.287
1579,read,1609.743
1580,read,1616.8
1581,read,1592.321
1582,read,1615.928
1583,read,1625.673
1584,read,1612.012
1585,read,1650.494
1586,read,1619.377
1587,read,1624.102
1588,read,1624.015
1589,read,1581.838
1590,read,1630.597
1591,read,1618.741
1592,read,1654.156
1593,read,1613.786
1594,read,1635.36
1595,read,1634.692
1596,read,1633.754
1597,read,1635.316
1598,read,1638.1
1599,read,1545.358
1600,read,1539.905
1601,read,1535.209
1602,read,1516.528
1603,read,1534.851
1604,read,1526.94
1605,read,1555.111
1606,read,1542.869
1607,read,1533.532
1608,read,1541.967
1609,read,1604.386
1610,read,1545.214
1611,read,1533.783
1612,read,1541.637
1613,read,1614.686
1614,read,1597.94
1615,read,1602.513
1616,read,1606.53
1617,read,1604.871
1618,read,1602.215
1619,read,1606.294
1620,read,1582.286
1621,read,1607.218
1622,read,1607.267
1623,read,1606.892
1624,read,1607.65
1625,read,1606.83
1626,read,1684.01
1627,read,1609.002
1628,read,1540.326
1629,read,1537.065
1630,read,1608.896
1631,read,1589.527
1632,read,1635.114
1633,read,1626.466
1634,read,1633.517
1635,read,1637.424
1636,read,1633.666
1637,read,1630.555
1638,read,1639.252
1639,read,1631.974
1640,read,1633.707
1641,read,1634.901
1642,read,1637.747
1643,read,1630.615
1644,read,1635.694
1645,read,1709.748
1646,read,1634.673
1647,read,1636.24
1648,read,1633.661
1649,read,1615.935
1650,read,1634.784
1651,read,1546.577
1652,read,1549.822
1653,read,1595.493
1654,read,1607.316
1655,read,1590.281
1656,read,1547.098
1657,read,1606.389
1658,read,1592.21
1659,read,1552.21
1660,read,1557.023
1661,read,1592.944
1662,read,1601.368
1663,read,1598.216
1664,read,1547.72
1665,read,1595.393
1666,read,1557.198
1667,read,1598.413
1668,read,1598.945
1669,read,1601.025
1670,read,1676.974
1671,read,1550.258
1672,read,1602.535
1673,read,1538.69
1674,read,1592.589
1675,read,1621.615
1676,read,1632.946
1677,read,1626.6
1678,read,1629.997
1679,read,1607.023
1680,read,1631.917
1681,read,1630.058
1682,read,1637.254
1683,read,1625.252
1684,read,1631.057
1685,read,1637.932
1686,read,1625.963
1687,read,1605.652
1688,read,1636.636
1689,read,1626.382
1690,read,1631.256
1691,read,1631.067
1692,read,1630.779
1693,read,1626.989
1694,read,1646.545
1695,read,1612.866
1696,read,1636.281
1697,read,1626.699
1698,read,1607.739
1699,read,1631.296
1700,read,1631.379
1701,read,1630.759
1702,read,1606.463
1703,read,1633.769
1704,read,1630.536
1705,read,1607.38
1706,read,1630.311
1707,read,1632.144
1708,read,1631.427
1709,read,1631.03
1710,read,1705.624
1711,read,1632.592
1712,read,1610.59
1713,read,1627.605
1714,read,1631.363
1715,read,1606.201
1716,read,1631.939
1717,read,1631.586
1718,read,1631.202
1719,read,1607.797
1720,read,1630.984
1721,read,1611.251
1722,read,1626.998
1723,read,1631.291
1724,read,1631.642
1725,read,1631.635
1726,read,1605.531
1727,read,1631.577
1728,read,1607.164
1729,read,1606.474
1730,read,1630.878
1731,read,1632.022
1732,read,1631.961
1733,read,1606.86
1734,read,1631.708
1735,read,1605.765
1736,read,1631.502
1737,read,1632.315
1738,read,1609.735
1739,read,1628.524
1740,read,1631.41
1741,read,1606.345
1742,read,1632.213
1743,read,1631.753
1744,read,1609.906
1745,read,1628.62
1746,read,1631.616
1747,read,1631.212
1748,read,1631.497
1749,read,1607.504
1750,read,1630.596
1751,read,1632.055
1752,read,1606.072
1753,read,1610.573
1754,read,1634.138
1755,read,1626.133
1756,read,1607.275
1757,read,1612.621
1758,read,1646.642
1759,read,1630.953
1760,read,1612.237
1761,read,1625.491
1762,read,1631.785
1763,read,1631.194
1764,read,1635.645
1765,read,1626.156
1766,read,1606.186
1767,read,1632.76
1768,read,1631.184
1769,read,1631.805
1770,read,1638.021
1771,read,1624.521
1772,read,1608.193
1773,read,1630.235
1774,read,1625.813
1775,read,1606.201
1776,read,1619.935
1777,read,1608.333
1778,read,1629.54
1779,read,1631.516
1780,read,1631.323
1781,read,1629.758
1782,read,1633.614
1783,read,1626.658
1784,read,1606.791
1785,read,1637.053
1786,read,1625.424
1787,read,1634.744
1788,read,1633.775
1789,read,1625.687
1790,read,1632.357
1791,read,1610.565
1792,read,1626.273
1793,read,1606.61
1794,read,1644.029
1795,read,1617.453
1796,read,1632.532
1797,read,1631.828
1798,read,1629.963
1799,read,1626.607
1800,read,1614.474
1801,read,1625.91
1802,read,1626.583
1803,read,1631.471
1804,read,1606.66
1805,read,1626.324
1806,read,1632.101
1807,read,1631.431
1808,read,1606.568
1809,read,1631.854
1810,read,1631.829
1811,read,1631.244
1812,read,1631.978
1813,read,1631.302
1814,read,1632.923
1815,read,1630.83
1816,read,1706.755
1817,read,1631.789
1818,read,1631.762
1819,read,1637.1
1820,read,1626.571
1821,read,1634.667
1822,read,1636.963
1823,read,1621.29
1824,read,1606.869
1825,read,1636.396
1826,read,1626.573
1827,read,1631.903
1828,read,1612.754
1829,read,1603.229
1830,read,1632.155
1831,read,1636.71
1832,read,1631.005
1833,read,1627.606
1834,read,1637.326
1835,read,1623.505
1836,read,1607.103
1837,read,1636.67
1838,read,1626.4
1839,read,1632.52
1840,read,1611.462
1841,read,1626.619
1842,read,1630.521
1843,read,1611.173
1844,read,1626.691
1845,read,1632.015
1846,read,1611.235
1847,read,1626.72
1848,read,1631.867
1849,read,1611.381
1850,read,1626.202
1851,read,1632.02
1852,read,1611.558
1853,read,1626.168
1854,read,1632.001
1855,read,1631.584
1856,read,1629.957
1857,read,1626.156
1858,read,1616.154
1859,read,1624.73
1860,read,1625.736
1861,read,1606.78
1862,read,1631.618
1863,read,1626.546
1864,read,1610.928
1865,read,1627.105
1866,read,1627.431
1867,read,1605.137
1868,read,1632.281
1869,read,1626.343
1870,read,1632.054
1871,read,1634.575
1872,read,1632.853
1873,read,1627.762
1874,read,1631.392
1875,read,1631.562
1876,read,1631.232
1877,read,1707.411
1878,read,1633.525
1879,read,1629.324
1880,read,1632.306
1881,read,1605.137
1882,read,1607.171
1883,read,1632.038
1884,read,1607.355
1885,read,1606.474
1886,read,1657.7
1887,read,1630.83
1888,read,1631.607
1889,read,1632.357
1890,read,1605.214
1891,read,1606.546
1892,read,1632.108
1893,read,1606.798
1894,read,1607.392
1895,read,1656.31
1896,read,1631.325
1897,read,1631.827
1898,read,1607.724
1899,read,1634.156
1900,read,1627.802
1901,read,1606.941
1902,read,1632.773
1903,read,1630.728
1904,read,1631.279
1905,read,1606.2
1906,read,1631.737
1907,read,1608.616
1908,read,1552.598
1909,read,1589.885
1910,read,1565.186
1911,read,1565.186
1912,read,1603.966
1913,read,1545.263
1914,read,1556.263
1915,read,1541.327
1916,read,1544.769
1917,read,1611.956
1918,read,1601.077
1919,read,1608.303
1920,read,1630.287
1921,read,1628.962
1922,read,1631.555
1923,read,1627.025
1924,read,1631.283
1925,read,1605.746
1926,read,1631.439
1927,read,1607.326
1928,read,1606.095
1929,read,1604.891
1930,read,1626.536
1931,read,1631.594
1932,read,1630.808
1933,read,1607.342
1934,read,1632.787
1935,read,1631.37
1936,read,1626.294
1937,read,1632.323
1938,read,1631.278
1939,read,1631.575
1940,read,1631.194
1941,read,1706.78
1942,read,1631.798
1943,read,1606.435
1944,read,1632.209
1945,read,1623.907
1946,read,1631.907
1947,read,1631.784
1948,read,1628.687
1949,read,1633.336
1950,read,1606.853
1951,read,1606.963
1952,read,1630.867
1953,read,1606.666
1954,read,1625.465
1955,read,1630.836
1956,read,1630.846
1957,read,1630.308
1958,read,1632.034
1959,read,1641.92
1960,read,1621.004
1961,read,1631.109
1962,read,1611.717
1963,read,1625.998
1964,read,1631.997
1965,read,1611.661
1966,read,1628.148
1967,read,1629.129
1968,read,1636.487
1969,read,1626.308
1970,read,1631.111
1971,read,1611.885
1972,read,1625.393
1973,read,1608.11
1974,read,1636.259
1975,read,1625.168
1976,read,1632.799
1977,read,1635.813
1978,read,1625.442
1979,read,1635.427
1980,read,1627.788
1981,read,1630.881
1982,read,1626.132
1983,read,1634.01
1984,read,1628.492
1985,read,1629.033
1986,read,1631.206
1987,read,1630.452
1988,read,1631.795
1989,read,1607.439
1990,read,1630.037
1991,read,1632.658
1992,read,1612.13
1993,read,1625.363
1994,read,1631.565
1995,read,1632.222
1996,read,1704.767
1997,read,1600.993
1998,read,1631.804
1999,read,1631.809
0,write,73.497
1,write,49.062
2,write,65.634
3,write,74.411
4,write,73.878
5,write,42.335
6,write,74.256
7,write,75.033
8,write,61.245
9,write,74.148
10,write,76.949
11,write,74.347
12,write,68.419
13,write,73.891
14,write,76.758
15,write,42.117
16,write,73.983
17,write,77.868
18,write,75.538
19,write,150.03
20,write,74.754
21,write,77.933
22,write,75.377
23,write,77.301
24,write,75.62
25,write,76.998
26,write,76.331
27,write,75.423
28,write,75.206
29,write,96.257
30,write,73.972
31,write,74.197
32,write,75.849
33,write,76.005
34,write,129.024
35,write,80.527
36,write,76.528
37,write,78.877
38,write,74.053
39,write,74.281
40,write,76.203
41,write,128.318
42,write,76.287
43,write,96.969
44,write,75.838
45,write,75.542
46,write,76.127
47,write,76.386
48,write,80.487
49,write,75.502
50,write,77.424
51,write,77.18
52,write,76.269
53,write,78.314
54,write,77.295
55,write,75.23
56,write,75.129
57,write,77.172
58,write,76.859
59,write,74.205
60,write,77.074
61,write,75.873
62,write,123.633
63,write,76.279
64,write,74.887
65,write,74.252
66,write,79.688
67,write,73.888
68,write,135.824
69,write,122.747
70,write,74.189
71,write,65.963
72,write,75.765
73,write,73.431
74,write,76.818
75,write,91.485
76,write,75.045
77,write,75.139
78,write,74.382
79,write,74.143
80,write,121.854
81,write,75.56
82,write,76.715
83,write,75.426
84,write,77.034
85,write,76.006
86,write,76.541
87,write,74.653
88,write,75.146
89,write,76.737
90,write,76.911
91,write,73.902
92,write,76.8
93,write,150.227
94,write,112.496
95,write,105.793
96,write,114.918
97,write,119.971
98,write,118.169
99,write,115.001
100,write,76.34
101,write,76.625
102,write,75.857
103,write,69.959
104,write,75.196
105,write,43.596
106,write,62.81
107,write,73.522
108,write,120.717
109,write,79.75
110,write,145.572
111,write,77.631
112,write,130.011
113,write,77.275
114,write,77.042
115,write,74.536
116,write,73.83
117,write,148.965
118,write,125.737
119,write,77.219
120,write,76.783
121,write,77.139
122,write,125.554
123,write,107.793
124,write,125.064
125,write,125.137
126,write,76.565
127,write,74.956
128,write,145.559
129,write,119.289
130,write,75.274
131,write,75.676
132,write,128.177
133,write,76.526
134,write,107.584
135,write,117.193
136,write,129.772
137,write,80.351
138,write,75.249
139,write,121.651
140,write,75.24
141,write,74.311
142,write,73.887
143,write,75.877
144,write,76.306
145,write,73.992
146,write,95.038
147,write,122.934
148,write,74.873
149,write,75.677
150,write,76.807
151,write,74.155
152,write,74.299
153,write,97.265
154,write,81.9
155,write,74.009
156,write,74.585
157,write,75.491
158,write,78.26
159,write,78.854
160,write,94.051
161,write,76.121
162,write,79.526
163,write,74.134
164,write,76.091
165,write,131.425
166,write,76.224
167,write,93.887
168,write,76.034
169,write,75.735
170,write,76.52
171,write,74.227
172,write,75.737
173,write,74.237
174,write,95.486
175,write,74.162
176,write,75.491
177,write,75.652
178,write,126.399
179,write,76.013
180,write,87.389
181,write,76.928
182,write,76.291
183,write,74.393
184,write,76.123
185,write,73.964
186,write,74.742
187,write,74.248
188,write,96.655
189,write,75.508
190,write,75.976
191,write,75.275
192,write,76.12
193,write,130.215
194,write,127.252
195,write,74.751
196,write,73.812
197,write,74.195
198,write,74.439
199,write,95.191
200,write,75.622
201,write,75.25
202,write,77.912
203,write,74.841
204,write,78.76
205,write,73.925
206,write,96.149
207,write,74.12
208,write,74.184
209,write,76.072
210,write,74.933
211,write,122.64
212,write,124.29
213,write,74.241
214,write,75.188
215,write,74.502
216,write,76.14
217,write,73.979
218,write,76.284
219,write,74.843
220,write,94.428
221,write,75.293
222,write,75.713
223,write,75.745
224,write,75.473
225,write,128.45
226,write,124.565
227,write,74.464
228,write,75.436
229,write,79.405
230,write,79.727
231,write,74.582
232,write,74.286
233,write,74.87
234,write,94.925
235,write,75.928
236,write,75.985
237,write,75.286
238,write,74.966
239,write,73.963
240,write,74.114
241,write,93.134
242,write,117.518
243,write,74.803
244,write,74.091
245,write,76.055
246,write,126.903
247,write,76.108
248,write,93.485
249,write,74.536
250,write,76.703
251,write,74.094
252,write,74.093
253,write,76.087
254,write,73.968
255,write,96.423
256,write,74.277
257,write,75.023
258,write,74.526
259,write,73.95
260,write,73.939
261,write,74.354
262,write,94.676
263,write,73.965
264,write,73.904
265,write,75.399
266,write,75.838
267,write,76.748
268,write,76.478
269,write,98.717
270,write,75.609
271,write,74.213
272,write,75.774
273,write,74.07
274,write,74.884
275,write,119.449
276,write,94.235
277,write,74.424
278,write,73.758
279,write,77.755
280,write,74.848
281,write,75.336
282,write,74.067
283,write,94.511
284,write,73.727
285,write,74.146
286,write,75.972
287,write,76.551
288,write,73.974
289,write,74.299
290,write,95.02
291,write,74.288
292,write,73.816
293,write,73.838
294,write,77.678
295,write,75.889
296,write,77.322
297,write,98.856
298,write,75.099
299,write,74.97
300,write,75.452
301,write,73.94
302,write,75.277
303,write,73.958
304,write,95.152
305,write,75.439
306,write,73.749
307,write,75.087
308,write,73.897
309,write,74.441
310,write,74.145
311,write,93.916
312,write,74.305
313,write,74.216
314,write,76.271
315,write,73.61
316,write,74.46
317,write,73.86
318,write,95.066
319,write,74.489
320,write,73.88
321,write,76.138
322,write,74.371
323,write,74.027
324,write,73.829
325,write,94.079
326,write,74.595
327,write,74.592
328,write,75.444
329,write,73.538
330,write,75.209
331,write,75.947
332,write,91.292
333,write,73.63
334,write,74.89
335,write,73.981
336,write,73.927
337,write,73.925
338,write,74.004
339,write,93.984
340,write,74.003
341,write,74.112
342,write,80.298
343,write,74.217
344,write,78.664
345,write,73.754
346,write,94.153
347,write,74.637
348,write,73.875
349,write,73.679
350,write,73.904
351,write,73.516
352,write,73.84
353,write,96.091
354,write,74.407
355,write,73.98
356,write,77.009
357,write,75.537
358,write,75.37
359,write,73.96
360,write,93.379
361,write,75.968
362,write,77.274
363,write,76.417
364,write,75.355
365,write,76.657
366,write,73.997
367,write,96.901
368,write,76.43
369,write,75.01
370,write,74.972
371,write,73.795
372,write,73.817
373,write,74.289
374,write,91.602
375,write,74.03
376,write,76.012
377,write,74.502
378,write,77.094
379,write,76.991
380,write,76.632
381,write,99.119
382,write,76.896
383,write,73.994
384,write,80.874
385,write,75.008
386,write,75.452
387,write,77.472
388,write,95.275
389,write,79.504
390,write,77.048
391,write,84.235
392,write,73.984
393,write,128.957
394,write,75.928
395,write,77.012
396,write,73.753
397,write,74.007
398,write,80.262
399,write,77.163
400,write,75.832
401,write,73.983
402,write,95.651
403,write,74.337
404,write,76.132
405,write,84.671
406,write,121.264
407,write,74.677
408,write,78.888
409,write,76.877
410,write,76.129
411,write,73.906
412,write,80.448
413,write,74.781
414,write,77.044
415,write,74.018
416,write,96.655
417,write,73.784
418,write,76.064
419,write,79.77
420,write,73.873
421,write,76.08
422,write,74.531
423,write,94.78
424,write,73.771
425,write,74.331
426,write,80.403
427,write,73.716
428,write,75.727
429,write,73.938
430,write,96.858
431,write,73.959
432,write,75.903
433,write,79.433
434,write,123.018
435,write,74.609
436,write,74.668
437,write,74.988
438,write,76.51
439,write,74.254
440,write,79.275
441,write,77.017
442,write,75.9
443,write,74.322
444,write,93.372
445,write,75.573
446,write,75.759
447,write,78.398
448,write,73.995
449,write,75.948
450,write,73.968
451,write,95.881
452,write,75.762
453,write,76.26
454,write,77.395
455,write,75.616
456,write,114.801
457,write,76.104
458,write,74.499
459,write,76.086
460,write,77.378
461,write,78.346
462,write,74.044
463,write,74.793
464,write,73.873
465,write,95.471
466,write,74.095
467,write,73.927
468,write,109.515
469,write,119.597
470,write,118.664
471,write,74.896
472,write,79.898
473,write,76.14
474,write,75.949
475,write,79.385
476,write,76.507
477,write,132.471
478,write,76.472
479,write,96.629
480,write,74.105
481,write,122.712
482,write,85.457
483,write,149.44
484,write,126.503
485,write,75.325
486,write,109.961
487,write,117.517
488,write,122.226
489,write,74.791
490,write,74.516
491,write,77.054
492,write,74.019
493,write,108.321
494,write,111.342
495,write,113.312
496,write,74.646
497,write,78.621
498,write,74.059
499,write,76.274
500,write,81.939
501,write,119.845
502,write,123.251
503,write,74.84
504,write,74.615
505,write,74.624
506,write,74.861
507,write,81.291
508,write,76.509
509,write,76.235
510,write,75.147
511,write,74.238
512,write,75.655
513,write,105.669
514,write,114.637
515,write,115.152
516,write,122.927
517,write,125.754
518,write,124.074
519,write,74.814
520,write,74.108
521,write,126.421
522,write,75.445
523,write,108.676
524,write,118.456
525,write,75.118
526,write,75.056
527,write,79.025
528,write,75.076
529,write,76.513
530,write,128.344
531,write,76.339
532,write,77.175
533,write,74.757
534,write,78.834
535,write,73.818
536,write,76.157
537,write,76.102
538,write,76.63
539,write,74.292
540,write,74.002
541,write,78.962
542,write,73.93
543,write,76.5
544,write,125.059
545,write,75.125
546,write,74.434
547,write,74.15
548,write,78.97
549,write,73.595
550,write,122.504
551,write,75.488
552,write,93.732
553,write,76.205
554,write,75.223
555,write,79.397
556,write,74.63
557,write,75.836
558,write,75.027
559,write,74.789
560,write,79.622
561,write,75.506
562,write,79.663
563,write,73.814
564,write,129.451
565,write,76.047
566,write,75.163
567,write,76.119
568,write,74.265
569,write,79.056
570,write,73.63
571,write,76.974
572,write,79.047
573,write,74.105
574,write,76.041
575,write,73.937
576,write,76.438
577,write,122.142
578,write,76.057
579,write,77.908
580,write,78.384
581,write,83.445
582,write,73.917
583,write,78.054
584,write,75.305
585,write,76.629
586,write,76.698
587,write,76.769
588,write,78.462
589,write,76.496
590,write,80.48
591,write,75.645
592,write,74.106
593,write,74.307
594,write,96.372
595,write,74.105
596,write,123.441
597,write,79.454
598,write,81.924
599,write,126.466
600,write,78.489
601,write,76.382
602,write,75.974
603,write,74.306
604,write,77.601
605,write,76.484
606,write,74.103
607,write,87.438
608,write,145.946
609,write,75.609
610,write,79.518
611,write,78.083
612,write,75.28
613,write,78.48
614,write,130.945
615,write,76.218
616,write,77.221
617,write,76.487
618,write,80.824
619,write,74.159
620,write,121.195
621,write,76.472
622,write,76.72
623,write,74.072
624,write,77.259
625,write,77.099
626,write,74.597
627,write,76.21
628,write,123.732
629,write,76.236
630,write,74.035
631,write,75.434
632,write,76.16
633,write,75.368
634,write,129.435
635,write,76.661
636,write,74.047
637,write,74.16
638,write,74.031
639,write,77.4
640,write,76.116
641,write,77.996
642,write,76.11
643,write,77.322
644,write,75.69
645,write,111.197
646,write,115.754
647,write,252.43
648,write,117.326
649,write,77.787
650,write,81.584
651,write,74.629
652,write,74.558
653,write,76.196
654,write,90.813
655,write,73.633
656,write,76.472
657,write,82.188
658,write,76.179
659,write,123.301
660,write,75.818
661,write,95.049
662,write,76.326
663,write,73.781
664,write,80.15
665,write,74.559
666,write,79.546
667,write,108.567
668,write,123.473
669,write,119.609
670,write,75.944
671,write,75.969
672,write,74.051
673,write,124.337
674,write,75.393
675,write,74.598
676,write,77.845
677,write,76.816
678,write,42.449
679,write,115.963
680,write,130.936
681,write,112.887
682,write,69.735
683,write,128.079
684,write,107.327
685,write,261.712
686,write,133.361
687,write,71.813
688,write,73.197
689,write,67.585
690,write,134.441
691,write,129.839
692,write,70.327
693,write,73.282
694,write,69.017
695,write,67.856
696,write,68.252
697,write,70.601
698,write,67.846
699,write,96.611
700,write,67.894
701,write,67.964
702,write,67.658
703,write,67.688
704,write,67.532
705,write,42.172
706,write,66.309
707,write,67.134
708,write,69.097
709,write,120.285
710,write,67.668
711,write,67.203
712,write,67.429
713,write,66.98
714,write,68.016
715,write,66.878
716,write,67.162
717,write,70.888
718,write,67.111
719,write,121.181
720,write,67.117
721,write,67.276
722,write,67.357
723,write,67.022
724,write,67.28
725,write,67.633
726,write,96.57
727,write,67.235
728,write,67.323
729,write,69.13
730,write,67.116
731,write,70.325
732,write,67.499
733,write,95.285
734,write,67.515
735,write,67.406
736,write,67.345
737,write,67.458
738,write,70.817
739,write,70.601
740,write,121.464
741,write,66.938
742,write,70.786
743,write,71.718
744,write,67.501
745,write,67.388
746,write,67.943
747,write,89.198
748,write,67.296
749,write,67.67
750,write,71.288
751,write,70.955
752,write,67.66
753,write,67.511
754,write,96.448
755,write,70.729
756,write,71.945
757,write,71.645
758,write,68.904
759,write,67.327
760,write,67.707
761,write,95.768
762,write,67.567
763,write,67.109
764,write,67.428
765,write,67.505
766,write,75.082
767,write,71.405
768,write,67.849
769,write,67.471
770,write,68.473
771,write,96.294
772,write,67.196
773,write,68.991
774,write,70.959
775,write,67.038
776,write,67.937
777,write,104.009
778,write,134.792
779,write,127.882
780,write,70.451
781,write,68.404
782,write,68.132
783,write,70.624
784,write,71.855
785,write,133.748
786,write,126.98
787,write,68.785
788,write,69.327
789,write,67.781
790,write,68.374
791,write,72.319
792,write,68.066
793,write,68.503
794,write,69.543
795,write,91.565
796,write,67.593
797,write,67.586
798,write,68.043
799,write,67.952
800,write,68.848
801,write,70.978
802,write,132.368
803,write,68.94
804,write,139.025
805,write,134.022
806,write,70.136
807,write,68.337
808,write,67.818
809,write,68.171
810,write,128.685
811,write,131.708
812,write,68.397
813,write,71.079
814,write,104.401
815,write,111.171
816,write,128.079
817,write,132.419
818,write,134.249
819,write,131.088
820,write,132.742
821,write,131.928
822,write,129.802
823,write,69.219
824,write,120.404
825,write,68.342
826,write,138.79
827,write,125.337
828,write,148.253
829,write,70.782
830,write,70.873
831,write,71.944
832,write,132.324
833,write,69.037
834,write,69.101
835,write,68.566
836,write,67.801
837,write,67.771
838,write,75.853
839,write,69.986
840,write,70.063
841,write,69.586
842,write,70.782
843,write,71.581
844,write,67.881
845,write,104.021
846,write,113.777
847,write,132.791
848,write,121.358
849,write,186.896
850,write,73.016
851,write,68.258
852,write,71.804
853,write,134.064
854,write,140.095
855,write,70.566
856,write,68.178
857,write,67.745
858,write,67.607
859,write,71.337
860,write,70.474
861,write,67.549
862,write,71.276
863,write,97.258
864,write,71.296
865,write,132.873
866,write,73.255
867,write,73.501
868,write,133.953
869,write,132.971
870,write,70.005
871,write,67.61
872,write,69.666
873,write,104.097
874,write,110.922
875,write,123.264
876,write,129.821
877,write,70.844
878,write,68.536
879,write,70.623
880,write,71.399
881,write,73.208
882,write,135.324
883,write,132.755
884,write,72.317
885,write,71.48
886,write,70.677
887,write,70.108
888,write,70.712
889,write,70.689
890,write,69.18
891,write,71.388
892,write,67.607
893,write,68.422
894,write,79.943
895,write,67.813
896,write,68.032
897,write,70.626
898,write,116.395
899,write,67.54
900,write,67.482
901,write,72.607
902,write,71.125
903,write,67.305
904,write,70.033
905,write,93.052
906,write,68.162
907,write,67.839
908,write,71.354
909,write,72.749
910,write,68.13
911,write,69.189
912,write,132.962
913,write,70.276
914,write,68.513
915,write,70.063
916,write,137.489
917,write,128.995
918,write,70.236
919,write,71.151
920,write,67.618
921,write,68.647
922,write,70.48
923,write,74.168
924,write,130.516
925,write,68.638
926,write,68.29
927,write,70.893
928,write,67.804
929,write,72.677
930,write,69.48
931,write,132.803
932,write,69.128
933,write,133.707
934,write,70.177
935,write,68.301
936,write,70.024
937,write,67.529
938,write,70.317
939,write,68.736
940,write,71.796
941,write,71.626
942,write,68.59
943,write,70.897
944,write,68.013
945,write,130.774
946,write,69.741
947,write,68.74
948,write,68.146
949,write,70.778
950,write,72.337
951,write,73.716
952,write,67.779
953,write,68.744
954,write,68.359
955,write,67.701
956,write,70.097
957,write,75.71
958,write,68.258
959,write,129.358
960,write,69.94
961,write,95.043
962,write,131.4
963,write,131.974
964,write,73.532
965,write,68.279
966,write,138.233
967,write,68.06
968,write,67.947
969,write,67.386
970,write,67.145
971,write,85.727
972,write,67.894
973,write,69.394
974,write,69.684
975,write,119.392
976,write,67.459
977,write,67.84
978,write,72.025
979,write,72.585
980,write,70.329
981,write,68.432
982,write,68.067
983,write,68.034
984,write,68.001
985,write,71.013
986,write,70.382
987,write,70.049
988,write,68.447
989,write,68.892
990,write,67.793
991,write,67.911
992,write,124.316
993,write,70.553
994,write,71.978
995,write,132.669
996,write,70.312
997,write,69.24
998,write,68.189
999,write,70.277
1000,write,70.239
1001,write,68.484
1002,write,68.204
1003,write,68.321
1004,write,71.019
1005,write,68.119
1006,write,70.444
1007,write,68.228
1008,write,133.54
1009,write,70.217
1010,write,95.14
1011,write,133.247
1012,write,69.233
1013,write,71.361
1014,write,68.186
1015,write,70.044
1016,write,68.883
1017,write,68.467
1018,write,67.737
1019,write,67.591
1020,write,42.565
1021,write,67.774
1022,write,67.2
1023,write,67.453
1024,write,121.251
1025,write,75.575
1026,write,66.89
1027,write,71.687
1028,write,68.213
1029,write,67.435
1030,write,70.866
1031,write,117.415
1032,write,67.118
1033,write,70.329
1034,write,69.644
1035,write,67.81
1036,write,67.135
1037,write,69.099
1038,write,95.645
1039,write,67.353
1040,write,67.181
1041,write,70.34
1042,write,72.82
1043,write,69.958
1044,write,70.078
1045,write,93.266
1046,write,67.749
1047,write,68.074
1048,write,70.035
1049,write,71.651
1050,write,68.84
1051,write,70.973
1052,write,71.155
1053,write,67.917
1054,write,71.88
1055,write,69.596
1056,write,68.006
1057,write,132.056
1058,write,69.75
1059,write,68.114
1060,write,67.642
1061,write,68.049
1062,write,109.004
1063,write,70.172
1064,write,68.197
1065,write,68.498
1066,write,71.934
1067,write,67.876
1068,write,68.06
1069,write,68.879
1070,write,71.185
1071,write,130.924
1072,write,139.636
1073,write,136.134
1074,write,69.784
1075,write,68.291
1076,write,106.513
1077,write,70.216
1078,write,68.441
1079,write,68.347
1080,write,67.881
1081,write,68.052
1082,write,72.556
1083,write,109.05
1084,write,138.815
1085,write,132.862
1086,write,110.788
1087,write,118.013
1088,write,131.716
1089,write,131.632
1090,write,133.051
1091,write,138.977
1092,write,68.112
1093,write,72.262
1094,write,137.573
1095,write,139.043
1096,write,121.497
1097,write,193.83
1098,write,135.105
1099,write,71.028
1100,write,68.798
1101,write,67.877
1102,write,70.097
1103,write,68.73
1104,write,142.895
1105,write,69.934
1106,write,103.776
1107,write,122.794
1108,write,139.843
1109,write,68.06
1110,write,67.727
1111,write,68.455
1112,write,67.998
1113,write,68.863
1114,write,68.579
1115,write,67.677
1116,write,70.874
1117,write,71.251
1118,write,97.106
1119,write,67.674
1120,write,67.623
1121,write,67.723
1122,write,70.872
1123,write,70.654
1124,write,68.349
1125,write,67.973
1126,write,134.143
1127,write,68.238
1128,write,68.562
1129,write,70.415
1130,write,67.62
1131,write,67.942
1132,write,67.624
1133,write,70.626
1134,write,68.822
1135,write,95.699
1136,write,69.445
1137,write,67.545
1138,write,67.713
1139,write,67.578
1140,write,69.355
1141,write,67.771
1142,write,94.525
1143,write,71.388
1144,write,70.381
1145,write,67.916
1146,write,68.007
1147,write,67.895
1148,write,67.826
1149,write,67.699
1150,write,70.16
1151,write,70.235
1152,write,68.904
1153,write,67.531
1154,write,66.957
1155,write,67.062
1156,write,67.202
1157,write,71.431
1158,write,67.542
1159,write,66.882
1160,write,67.272
1161,write,69.017
1162,write,119.059
1163,write,67.998
1164,write,67.166
1165,write,67.553
1166,write,67.039
1167,write,67.079
1168,write,67.356
1169,write,93.404
1170,write,68.076
1171,write,70.832
1172,write,67.626
1173,write,67.345
1174,write,70.177
1175,write,67.383
1176,write,96.728
1177,write,69.262
1178,write,67.136
1179,write,68.93
1180,write,67.055
1181,write,67.038
1182,write,67.944
1183,write,96.475
1184,write,68.687
1185,write,72.975
1186,write,67.675
1187,write,66.984
1188,write,67.043
1189,write,67.398
1190,write,97.049
1191,write,67.047
1192,write,67.712
1193,write,67.876
1194,write,67.429
1195,write,67.128
1196,write,70.368
1197,write,95.073
1198,write,67.508
1199,write,67.221
1200,write,67.815
1201,write,70.664
1202,write,69.072
1203,write,135.135
1204,write,137.367
1205,write,72.179
1206,write,67.853
1207,write,71.24
1208,write,67.492
1209,write,67.863
1210,write,68.111
1211,write,96.141
1212,write,67.321
1213,write,67.325
1214,write,67.721
1215,write,67.402
1216,write,67.424
1217,write,67.562
1218,write,92.931
1219,write,67.683
1220,write,71.068
1221,write,67.591
1222,write,67.585
1223,write,67.428
1224,write,67.684
1225,write,95.537
1226,write,67.641
1227,write,67.261
1228,write,67.656
1229,write,67.331
1230,write,71
1231,write,69.74
1232,write,92.095
1233,write,67.828
1234,write,68.155
1235,write,68.513
1236,write,68.293
1237,write,70.724
1238,write,70.666
1239,write,91.329
1240,write,68.025
1241,write,71.06
1242,write,67.867
1243,write,67.522
1244,write,67.549
1245,write,68.735
1246,write,121.683
1247,write,67.883
1248,write,68.908
1249,write,67.527
1250,write,67.623
1251,write,67.645
1252,write,70.246
1253,write,68.271
1254,write,127.297
1255,write,68.365
1256,write,68.986
1257,write,70.74
1258,write,67.745
1259,write,67.892
1260,write,67.988
1261,write,67.947
1262,write,70.672
1263,write,94.541
1264,write,70.855
1265,write,69.33
1266,write,67.894
1267,write,70.645
1268,write,136.51
1269,write,68.22
1270,write,68.28
1271,write,70.226
1272,write,70.703
1273,write,69.991
1274,write,68.655
1275,write,67.919
1276,write,67.909
1277,write,96.16
1278,write,70.777
1279,write,67.52
1280,write,68.255
1281,write,67.598
1282,write,103
1283,write,133.581
1284,write,139.986
1285,write,105.404
1286,write,127.158
1287,write,70.109
1288,write,70.135
1289,write,67.722
1290,write,67.88
1291,write,71.973
1292,write,69.415
1293,write,70.296
1294,write,70.861
1295,write,68.095
1296,write,70.72
1297,write,67.986
1298,write,69.936
1299,write,130.383
1300,write,72.255
1301,write,71.131
1302,write,71.261
1303,write,67.132
1304,write,68.234
1305,write,67.798
1306,write,68.054
1307,write,69.713
1308,write,96.365
1309,write,69.794
1310,write,70.535
1311,write,71.451
1312,write,71.046
1313,write,129.727
1314,write,131.532
1315,write,69.968
1316,write,67.804
1317,write,71.695
1318,write,116.829
1319,write,142.626
1320,write,132.376
1321,write,68.594
1322,write,70.342
1323,write,67.503
1324,write,129.595
1325,write,117.472
1326,write,140.669
1327,write,132.272
1328,write,112.456
1329,write,144.887
1330,write,69.873
1331,write,115.765
1332,write,128.182
1333,write,70.164
1334,write,68.532
1335,write,67.715
1336,write,68.024
1337,write,67.611
1338,write,70.206
1339,write,70.476
1340,write,93.098
1341,write,67.611
1342,write,67.551
1343,write,43.031
1344,write,67.969
1345,write,66.155
1346,write,71.499
1347,write,67.21
1348,write,70.752
1349,write,67.79
1350,write,95.951
1351,write,67.409
1352,write,67.356
1353,write,67.249
1354,write,67.203
1355,write,67.403
1356,write,68.052
1357,write,95.928
1358,write,67.378
1359,write,67.398
1360,write,67.329
1361,write,67.151
1362,write,67.041
1363,write,114.017
1364,write,71.278
1365,write,68.079
1366,write,68.248
1367,write,70.952
1368,write,67.608
1369,write,67.614
1370,write,70.779
1371,write,95.659
1372,write,67.711
1373,write,67.505
1374,write,67.658
1375,write,68.273
1376,write,143.106
1377,write,69.552
1378,write,68.105
1379,write,68.127
1380,write,67.499
1381,write,70.917
1382,write,140.992
1383,write,131.462
1384,write,69.719
1385,write,69.294
1386,write,70.256
1387,write,67.39
1388,write,68.095
1389,write,67.999
1390,write,67.373
1391,write,68.042
1392,write,120.52
1393,write,67.622
1394,write,67.709
1395,write,71.356
1396,write,67.477
1397,write,68.072
1398,write,68.309
1399,write,120.611
1400,write,69.296
1401,write,67.755
1402,write,67.67
1403,write,67.895
1404,write,70.044
1405,write,67.759
1406,write,119.972
1407,write,67.414
1408,write,71.067
1409,write,70.186
1410,write,67.587
1411,write,67.712
1412,write,67.782
1413,write,120.288
1414,write,67.472
1415,write,66.852
1416,write,67.958
1417,write,67.533
1418,write,70.966
1419,write,69.315
1420,write,71.898
1421,write,67.723
1422,write,68.089
1423,write,68.163
1424,write,67.988
1425,write,70.484
1426,write,68.292
1427,write,121.337
1428,write,70.445
1429,write,68.019
1430,write,67.795
1431,write,67.726
1432,write,70.322
1433,write,68.252
1434,write,71.001
1435,write,72.107
1436,write,68.079
1437,write,67.611
1438,write,67.639
1439,write,68.162
1440,write,68.206
1441,write,118.711
1442,write,70.965
1443,write,67.947
1444,write,67.788
1445,write,67.724
1446,write,69.263
1447,write,67.78
1448,write,121.054
1449,write,67.716
1450,write,67.502
1451,write,67.712
1452,write,70.619
1453,write,67.868
1454,write,118.222
1455,write,73.211
1456,write,68.554
1457,write,67.928
1458,write,67.983
1459,write,71.455
1460,write,133.537
1461,write,73.644
1462,write,118.044
1463,write,67.829
1464,write,67.587
1465,write,67.82
1466,write,72.231
1467,write,70.096
1468,write,70.357
1469,write,68.322
1470,write,68.049
1471,write,67.973
1472,write,67.816
1473,write,67.707
1474,write,69.69
1475,write,68.678
1476,write,71.587
1477,write,67.7
1478,write,67.502
1479,write,67.913
1480,write,70.394
1481,write,70.096
1482,write,67.995
1483,write,70.683
1484,write,71.279
1485,write,67.655
1486,write,68.076
1487,write,67.645
1488,write,71.531
1489,write,144.171
1490,write,61.768
1491,write,73.464
1492,write,68.714
1493,write,68.032
1494,write,70.631
1495,write,130.767
1496,write,69.27
1497,write,69.21
1498,write,67.536
1499,write,70.568
1500,write,72.455
1501,write,69.524
1502,write,68.01
1503,write,137.778
1504,write,74.183
1505,write,68.254
1506,write,111.074
1507,write,110.037
1508,write,85.494
1509,write,105.134
1510,write,123.598
1511,write,133.764
1512,write,76.937
1513,write,72.812
1514,write,81.65
1515,write,75.191
1516,write,75.005
1517,write,75.049
1518,write,131.966
1519,write,132.387
1520,write,69.989
1521,write,95.986
1522,write,133.07
1523,write,70.14
1524,write,68.652
1525,write,138.311
1526,write,70.486
1527,write,70.859
1528,write,68.093
1529,write,67.639
1530,write,67.389
1531,write,71.01
1532,write,67.509
1533,write,136.204
1534,write,68.798
1535,write,71.77
1536,write,71.019
1537,write,68.131
1538,write,117.166
1539,write,71.4
1540,write,67.991
1541,write,68.852
1542,write,71.538
1543,write,69.281
1544,write,67.58
1545,write,71.392
1546,write,68.825
1547,write,131.783
1548,write,69.869
1549,write,71.899
1550,write,67.864
1551,write,71.329
1552,write,118.043
1553,write,133.202
1554,write,138.907
1555,write,68.252
1556,write,134.525
1557,write,70.026
1558,write,70.631
1559,write,68.067
1560,write,70.878
1561,write,68.015
1562,write,68.032
1563,write,67.781
1564,write,132.686
1565,write,70.433
1566,write,75.683
1567,write,46.251
1568,write,73.303
1569,write,66.366
1570,write,79.471
1571,write,73.952
1572,write,85.48
1573,write,73.707
1574,write,74.586
1575,write,67.017
1576,write,76.002
1577,write,75.438
1578,write,75.093
1579,write,81.462
1580,write,75.692
1581,write,78.072
1582,write,80.365
1583,write,81.83
1584,write,74.507
1585,write,81.485
1586,write,74.544
1587,write,75.131
1588,write,124.651
1589,write,90.808
1590,write,74.589
1591,write,85.348
1592,write,42.732
1593,write,40.364
1594,write,40.401
1595,write,40.241
1596,write,39.833
1597,write,40.057
1598,write,103.878
1599,write,134.595
1600,write,141.453
1601,write,157.174
1602,write,139.17
1603,write,134.925
1604,write,119.713
1605,write,131.989
1606,write,147.547
1607,write,132.731
1608,write,67.883
1609,write,132.911
1610,write,134.118
1611,write,133.178
1612,write,67.971
1613,write,70.122
1614,write,119.003
1615,write,71.522
1616,write,69.429
1617,write,69.956
1618,write,67.683
1619,write,67.87
1620,write,67.323
1621,write,67.733
1622,write,67.742
1623,write,67.468
1624,write,67.707
1625,write,67.468
1626,write,70.764
1627,write,132.932
1628,write,140.517
1629,write,104.317
1630,write,95.629
1631,write,41.141
1632,write,43.474
1633,write,40.13
1634,write,40.217
1635,write,40.381
1636,write,92.81
1637,write,39.885
1638,write,40.11
1639,write,39.932
1640,write,39.984
1641,write,39.953
1642,write,41.32
1643,write,39.948
1644,write,39.877
1645,write,39.916
1646,write,39.966
1647,write,39.919
1648,write,42.629
1649,write,44.993
1650,write,123.465
1651,write,125.307
1652,write,76.229
1653,write,76.737
1654,write,75.109
1655,write,131.024
1656,write,74.868
1657,write,76.898
1658,write,121.629
1659,write,120.556
1660,write,76.473
1661,write,148.432
1662,write,78.39
1663,write,126.58
1664,write,78.039
1665,write,120.523
1666,write,75.409
1667,write,74.38
1668,write,73.82
1669,write,73.78
1670,write,121.442
1671,write,69.016
1672,write,135.194
1673,write,91.46
1674,write,45.387
1675,write,43.65
1676,write,46.776
1677,write,43.525
1678,write,43.433
1679,write,43.882
1680,write,43.487
1681,write,43.214
1682,write,43.931
1683,write,43.508
1684,write,43.237
1685,write,43.926
1686,write,43.392
1687,write,43.224
1688,write,43.662
1689,write,43.37
1690,write,43.859
1691,write,44.013
1692,write,98.288
1693,write,43.307
1694,write,46.58
1695,write,43.179
1696,write,43.248
1697,write,43.133
1698,write,43.264
1699,write,43.322
1700,write,43.837
1701,write,43.217
1702,write,43.146
1703,write,43.134
1704,write,43.452
1705,write,43.332
1706,write,43.298
1707,write,43.285
1708,write,43.238
1709,write,43.15
1710,write,43.347
1711,write,43.216
1712,write,43.307
1713,write,43.357
1714,write,43.37
1715,write,43.13
1716,write,43.572
1717,write,43.355
1718,write,43.17
1719,write,43.458
1720,write,43.822
1721,write,43.174
1722,write,43.518
1723,write,43.088
1724,write,43.111
1725,write,44.229
1726,write,43.057
1727,write,43.11
1728,write,43.568
1729,write,43.266
1730,write,43.111
1731,write,43.376
1732,write,43.35
1733,write,43.383
1734,write,43.453
1735,write,43.016
1736,write,43.008
1737,write,43.336
1738,write,43.098
1739,write,43.224
1740,write,43.435
1741,write,43.24
1742,write,43.108
1743,write,43.043
1744,write,43.198
1745,write,43.186
1746,write,43.311
1747,write,43.299
1748,write,42.93
1749,write,43.508
1750,write,43.364
1751,write,43.203
1752,write,43.601
1753,write,43.311
1754,write,43.061
1755,write,43.287
1756,write,43.315
1757,write,47.297
1758,write,43.286
1759,write,43.248
1760,write,43.375
1761,write,43.275
1762,write,43.189
1763,write,43.321
1764,write,44.893
1765,write,42.984
1766,write,43.025
1767,write,43.667
1768,write,43.21
1769,write,43.22
1770,write,43.78
1771,write,43.366
1772,write,43.323
1773,write,48.513
1774,write,43.366
1775,write,43.231
1776,write,55.976
1777,write,43.445
1778,write,43.304
1779,write,48.643
1780,write,43.21
1781,write,43.081
1782,write,43.734
1783,write,43.023
1784,write,43.193
1785,write,43.625
1786,write,43.113
1787,write,43.183
1788,write,43.764
1789,write,43.047
1790,write,43.749
1791,write,43.788
1792,write,43.188
1793,write,43.218
1794,write,44.509
1795,write,43.138
1796,write,43.391
1797,write,44.138
1798,write,98.728
1799,write,42.933
1800,write,45.838
1801,write,44.013
1802,write,43.066
1803,write,43.086
1804,write,48.782
1805,write,43.097
1806,write,43.018
1807,write,43.472
1808,write,43.1
1809,write,43.12
1810,write,43.251
1811,write,43.013
1812,write,43.397
1813,write,43.364
1814,write,43.217
1815,write,43.106
1816,write,43.303
1817,write,43.175
1818,write,43.146
1819,write,43.694
1820,write,43.118
1821,write,42.974
1822,write,44.594
1823,write,43.075
1824,write,43.204
1825,write,43.675
1826,write,43.36
1827,write,43.343
1828,write,64.903
1829,write,43.034
1830,write,43.273
1831,write,43.598
1832,write,43.13
1833,write,43.509
1834,write,43.941
1835,write,43.286
1836,write,43.221
1837,write,43.544
1838,write,43.4
1839,write,42.951
1840,write,43.741
1841,write,43.199
1842,write,43.198
1843,write,43.635
1844,write,43.18
1845,write,43.054
1846,write,43.515
1847,write,43.011
1848,write,43.561
1849,write,43.623
1850,write,43.192
1851,write,43.135
1852,write,43.529
1853,write,43.24
1854,write,43.312
1855,write,43.815
1856,write,99.114
1857,write,42.873
1858,write,45.416
1859,write,44.337
1860,write,43.174
1861,write,43.409
1862,write,49.269
1863,write,43.139
1864,write,43.114
1865,write,48.53
1866,write,43.39
1867,write,43.072
1868,write,48.286
1869,write,43.061
1870,write,42.975
1871,write,43.619
1872,write,43.251
1873,write,43.284
1874,write,43.053
1875,write,43.181
1876,write,43.225
1877,write,42.998
1878,write,43.34
1879,write,43.067
1880,write,43.774
1881,write,42.887
1882,write,43.189
1883,write,43.256
1884,write,43.183
1885,write,42.878
1886,write,42.97
1887,write,43.171
1888,write,43.605
1889,write,43.642
1890,write,43.318
1891,write,43.022
1892,write,43.012
1893,write,43.067
1894,write,43.221
1895,write,42.961
1896,write,43.398
1897,write,43.219
1898,write,43.171
1899,write,43.161
1900,write,43.217
1901,write,43.242
1902,write,43.227
1903,write,43.318
1904,write,43.699
1905,write,43.025
1906,write,43.609
1907,write,89.111
1908,write,76.89
1909,write,128.424
1910,write,108.487
1911,write,68.134
1912,write,131.96
1913,write,121.094
1914,write,137.032
1915,write,133.504
1916,write,93.374
1917,write,99.371
1918,write,49.583
1919,write,44.695
1920,write,97.081
1921,write,43.176
1922,write,45.592
1923,write,43.63
1924,write,43.296
1925,write,43.212
1926,write,43.608
1927,write,43.348
1928,write,43.225
1929,write,75.49
1930,write,43.283
1931,write,43.308
1932,write,43.289
1933,write,43.243
1934,write,43.3
1935,write,46.882
1936,write,43.243
1937,write,43.328
1938,write,43.294
1939,write,43.471
1940,write,43.218
1941,write,43.08
1942,write,43.586
1943,write,43.278
1944,write,50.047
1945,write,43.373
1946,write,43.496
1947,write,43.777
1948,write,43.44
1949,write,43.071
1950,write,43.758
1951,write,43.261
1952,write,42.981
1953,write,50.847
1954,write,43.568
1955,write,43.266
1956,write,43.706
1957,write,43.58
1958,write,43.274
1959,write,43.963
1960,write,43.308
1961,write,43.318
1962,write,43.862
1963,write,43.32
1964,write,43.456
1965,write,43.807
1966,write,43.35
1967,write,43.12
1968,write,43.911
1969,write,43.259
1970,write,43.347
1971,write,43.818
1972,write,43.224
1973,write,43.385
1974,write,43.868
1975,write,43.259
1976,write,43.518
1977,write,43.865
1978,write,43.195
1979,write,43.37
1980,write,44.02
1981,write,98.762
1982,write,43.146
1983,write,46.277
1984,write,45.156
1985,write,42.846
1986,write,43.753
1987,write,43.307
1988,write,43.29
1989,write,43.27
1990,write,43.296
1991,write,43.482
1992,write,43.251
1993,write,43.306
1994,write,43.282
1995,write,43.115
1996,write,50.299
1997,write,43.089
1998,write,43.134
1999,write,48.276
